id,platform,date,title,url,evidence_type,theme,signal,confidence
S01,Firecrawl,2026-08-17,Firecrawl homepage,https://www.firecrawl.dev/,official,current scale,"Homepage states 168.4K GitHub stars, 1.25M developers, 150K+ companies, 5B+ requests, 96% web coverage, 3.4s P95, and 93% fewer model-input tokens.",high
S02,Firecrawl,2026-08-17,Firecrawl pricing,https://www.firecrawl.dev/pricing,official,monetization,"Free 1,000 credits/month; paid tiers sell higher volume, concurrency and support. Scrape/crawl/map/monitor are page-credit based; interact is browser-minute based.",high
S03,Firecrawl,2025-08-19,We just raised our Series A and shipped v2,https://www.firecrawl.dev/blog/firecrawl-v2-series-a-announcement,official,growth,"Firecrawl reported a $14.5M Series A, 350K developers, 48K GitHub stars, 15x annual growth, and an origin in Mendable's repeated web-data ingestion pain.",high
S04,Firecrawl,2024-07-31,Firecrawl July 2024 Updates,https://www.firecrawl.dev/blog/firecrawl-july-2024-updates,official,growth,"After three months and 8K+ stars, Firecrawl launched on YC; it paired core reliability work with templates, community showcases and DevRel hiring.",high
S05,GitHub,2026-08-17,firecrawl/firecrawl repository,https://github.com/firecrawl/firecrawl,official_repo,competition,"Repository showed about 168K stars, 9.4K forks and AGPL-3.0 licensing. README positions search, scrape and interact as one agent-ready API family.",high
S06,GitHub Issue,2024-09-24,Add Proxy Support for Self-Hosted Firecrawl,https://github.com/firecrawl/firecrawl/issues/698,user_issue,anti_bot,"Issue requests proxy support because self-hosted Firecrawl lacks automatic block/CAPTCHA handling and needs external proxy services.",medium
S07,GitHub Issue,2025-01-26,How to log in to Amazon and scrape/parse with Firecrawl,https://github.com/firecrawl/firecrawl/issues/1093,user_issue,authenticated_scraping,"User asks for a tutorial to log into Amazon before scraping product pages, showing that authenticated multi-step flows remain a practical gap.",medium
S08,GitHub Issue,2025-03-05,Self-host markdown is empty while HTML works,https://github.com/firecrawl/firecrawl/issues/1297,user_issue,reliability,"A self-host user receives HTML but empty Markdown for a target site and asks why the conversion path fails.",medium
S09,GitHub Issue,2025-03-15,Specific URL markdown is empty on self-host,https://github.com/firecrawl/firecrawl/issues/1345,user_issue,reliability,"A URL works on hosted Firecrawl but returns empty Markdown on self-host, demonstrating hosted-vs-open-source reliability divergence.",medium
S10,GitHub Issue,2024-05-19,Twikit rate limitations,https://github.com/d60/twikit/issues/100,user_issue,platform_risk,"Users report that X accounts can be suspended even when they believe they are staying below documented rate limits.",medium
S11,GitHub Issue,2024-08-17,Twikit account locked,https://github.com/d60/twikit/issues/182,user_issue,platform_risk,"Issue attributes an X account lock to changing IPs, especially VPN-like addresses, highlighting account and identity risk.",medium
S12,GitHub Issue,2024-07-16,X account suspended in Twikit,https://github.com/d60/twikit/issues/156,user_issue,platform_risk,"User reports suspension and asks how to avoid it when using an unofficial scraper.",medium
S13,GitHub Issue,2024-11-22,Twikit simple code immediately blocks account,https://github.com/d60/twikit/issues/258,user_issue,platform_risk,"User says an X account is blocked immediately after running a simple Twikit script.",medium
S14,GitHub Issue,2025-01-24,PRAWCore 429 despite high ratelimit seconds,https://github.com/praw-dev/prawcore/issues/198,user_issue,rate_limits,"A user still encounters intermittent Reddit 429 responses despite configuring very conservative rate-limit behavior.",medium
S15,GitHub Issue,2024-07-03,PRAW Fetch Rate Limit,https://github.com/praw-dev/praw/issues/2023,user_issue,rate_limits,"Thread-pool concurrency bypasses PRAW's limiter and triggers Reddit 429 responses, showing orchestration errors can surface as platform bans.",medium
S16,Reddit,2023-07-13,Amazon blocking me,https://old.reddit.com/r/webscraping/comments/14yqt1j/amazon_blocking_me/,community_post,anti_bot,"A low-frequency hobby scraper moved from requests to Selenium after persistent CAPTCHAs; rotating residential proxies appeared confusing and potentially hundreds of dollars per month.",medium
S17,Reddit,2024-01-04,Has anyone successfully scraped Amazon,https://old.reddit.com/r/webscraping/comments/18y0dwj/has_anyone_successfully_scrapped_amazon/,community_thread,anti_bot,"Users report blocks after roughly 30-50 requests, multi-hour runs for 300 products, messy data, JavaScript-dependent prices, CAPTCHAs and retry logic.",high
S18,Reddit,2023-11-14,Most challenging aspect of web scraping today,https://old.reddit.com/r/webscraping/comments/17vbeap/whats_the_most_challenging_aspect_of_web_scraping/,community_thread,operations,"Practitioners rank blocking, proxy cost, dynamic JS, maintenance, DOM-change detection and scaling headless browsers as recurring pain; one says maintenance can exceed development cost many times over.",high
S19,Reddit,2024-04-09,API scrape limits using PRAW,https://old.reddit.com/r/redditdev/comments/1bzvo4u/api_scrape_limits_using_praw/,community_thread,rate_limits,"Discussion cites API batching, a practical 1,000-post ceiling per subreddit listing, and interest in avoiding expensive commercial API access.",medium
S20,Reddit,2024-05-19,Cloudflare 403 while scraping,https://old.reddit.com/r/webscraping/comments/1cvisv8/how_can_i_scrape_pages_with_cloudflare_protection/,community_post,anti_bot,"User receives 403s even when the same cloud-hosted proxy is used in Firefox, illustrating that proxy rotation alone is insufficient.",medium
S21,Reddit,2024-03-20,X Twitter scraping,https://old.reddit.com/r/webscraping/comments/1bjbyye/xtwitter_scraping/,community_thread,extraction_complexity,"A scraper can collect text/images but struggles with video URLs; commenters ask about login, developer credentials and scrolling-based collection.",medium
S22,Reddit,2024-01-12,Help scraping X Twitter,https://old.reddit.com/r/webscraping/comments/194sodo/help_scraping_xtwitter/,community_thread,platform_risk,"Researchers want tweet corpora after free research access was removed; replies describe account rotation and blocking as the remaining workaround and risk.",medium
S23,Reddit,2023-10-30,Manual citation building versus tools,https://old.reddit.com/r/localseo/comments/17jxsvg/manual_citation_building_vs_tools/,community_thread,seo_workflow,"Practitioners are open to automation when they retain access and can edit listings, implying a human-controlled workflow is more acceptable than opaque bulk submission.",low
S24,Reddit,2021-11-09,Backlink submission lists are half useless,https://old.reddit.com/r/SEO/comments/qpz8oc/does_anybody_have_a_list_of_backlinks_submission/,community_thread,seo_quality,"A user says half the backlink-submission sites in online lists are unusable; a reply warns that backlinks that are easy to obtain may not be worth the time.",medium
S25,Reddit,2023-07-17,Are directory submissions useful,https://old.reddit.com/r/SEO/comments/151vlol/directory_submission_for_link_building_is_it/,community_thread,seo_quality,"Consensus favors a small set of reputable local or niche directories; mass auto-submission to hundreds of low-quality directories is described as harmful.",high
S26,X,2026-08-15,Web scraping often gets blocked or rate limited,https://x.com/adelbucetta/status/2088526803178832186,social_post,anti_bot,"A current X reply summarizes the common operational reality: headless/browser-style scraping is frequently blocked or rate-limited.",low
S27,X,2026-08-01,Firecrawl agent instructions consume unnecessary credits,https://x.com/Master_J0n/status/2083576611451158947,social_post,context_cost,"A user says agent instructions force Firecrawl before cheaper alternatives, causing unnecessary credit usage and removing routing control.",medium
S28,X,2026-08-13,Speed did not ensure coverage,https://x.com/utkarshk/status/2087577530543001943,social_post,reliability,"A user reports that speed did not ensure coverage and Firecrawl failed on lab reports, reinforcing the need for completeness/confidence checks.",low
S29,X,2026-08-15,Self-hosted Firecrawl plus SearXNG hits a ceiling,https://x.com/SeraAndroid/status/2088561186233106829,social_post,self_hosting,"An experienced developer asks for alternatives after a self-hosted Firecrawl/SearXNG agent stack reaches its practical ceiling.",medium
S30,Reddit Policy,2026-07-20,Reddit Data API Terms,https://redditinc.com/policies/data-api-terms,official_policy,platform_risk,"Commercial use, revenue derived from the API, excess research and other unapproved uses require a separate agreement; stored content and derived data face deletion and use constraints.",high
S31,X Policy,2026-08-17,X Developer Guidelines,https://docs.x.com/developer-guidelines,official_policy,platform_risk,"X requires official API access and lists browser scripting, scraping and non-API automation as prohibited activities that can cause permanent suspension.",high
S32,GitHub Docs,2026-03-10,GitHub REST API rate limits,https://docs.github.com/en/rest/using-the-rest-api/rate-limits-for-the-rest-api,official_policy,feasibility,"Public unauthenticated access allows 60 requests/hour; authenticated users generally receive 5,000/hour, with documented retry and GitHub App scaling paths.",high
S33,Google Search Central,2026-08-17,Spam policies for Google web search,https://developers.google.com/search/docs/essentials/spam-policies#link-spam,official_policy,seo_risk,"Google explicitly names automated link creation and low-quality directory links as link spam; scraped/AI-scaled content without added value is also risky.",high
S34,GummySearch,2026-08-17,GummySearch pricing archive,https://gummysearch.com/pricing/,competitor,demand,"Before closure, plans ranged from free to $29, $59 and $199 per month for Reddit research, tracking, AI pattern finding and reports.",high
S35,GummySearch,2025-11-30,GummySearch is closed for business,https://gummysearch.com/closing-time/,competitor,platform_risk,"Founder says the product closed to comply with Reddit API policies after serving more than 140,000 founders, marketers and investors.",high
S36,Syften,2026-08-17,Syften homepage and pricing,https://syften.com/,competitor,demand,"Current plans are $29.95, $49.95 and $119.95/month. Value is monitoring, AI filtering, archives, API/webhooks and MCP across community sources.",high
S37,F5Bot,2026-08-17,F5Bot homepage and pricing,https://f5bot.com/,competitor,demand,"F5Bot reports 430K+ alerts per day and offers free, $9.99 and $49.99 tiers for Reddit/HN/Lobsters monitoring, AI filtering and integrations.",high
S38,Apify,2026-08-17,Apify pricing,https://apify.com/pricing,competitor,horizontal_infra,"Apify offers 60K+ Actors, free usage, $29/$199/$999 plans, usage-based compute/proxies and a marketplace that pays scraper developers.",high
S39,Crawl4AI,2026-08-17,Crawl4AI repository,https://github.com/unclecode/crawl4ai,competitor,horizontal_infra,"Open-source Crawl4AI showed about 78.5K stars, 8.1K forks, Markdown/structured extraction, browser integration and a forthcoming cloud API.",high
S40,Bright Data,2026-08-17,Bright Data Web Scraper API pricing,https://brightdata.com/pricing/web-scraper,competitor,anti_bot_infra,"Bright Data sells anti-blocking, browser rendering, CAPTCHA solving and ready-made Amazon/X datasets; web access APIs start around $1 per 1K requests/records on displayed plans.",high
